tender_id,requirement_id,requirement_text,category,source_page,explicit_standard,applicable_standard,standard_title,standard_status,applicability_classification,reasoning,confidence,evidence_source,evidence_reference,reviewer_notes
T001,T001-R002,replacement of damaged pipelines by Hubless,material,1,,IS 15905 : 2011; IS 1239 (Part 1) : 2004,"Cast Iron Hubless Pipes and Fittings for Waste Water and Ventilation Systems - Specification; Steel Tubes, Tubulars and Other Wrought Steel Fittings - Part 1: Steel Tubes",Active,A. DIRECTLY_APPLICABLE (IS 15905 primary for Hubless CI pipes; IS 1239 Part 1 for GI pipes in same scope),The tender mandates replacing damaged toilet drainage piping with Hubless pipes and GI pipes. IS 15905 is the sole national specification for cast iron hubless (spigot-less) pipes and mechanical couplings for waste water. IS 1239 (Part 1) covers the water supply GI tubes.,High,BIS Catalogue / CED 53 (Pipes & Fittings) & CED 54 (Steel Tubes),IS 15905:2011 Clause 1 Scope; IS 1239 (Part 1):2004 Clause 1 Scope,Co-applicable standard family. Traditional socketed cast iron pipe under IS 1729 was evaluated and rejected because hubless design was explicitly specified.
T001,T001-R003,wall tiles,material,1,,IS 15622 : 2017; IS 1443 : 1972,Pressed Ceramic Tiles - Specification (First Revision); Code of practice for laying and finishing of cement concrete flooring tiles,Active,A. DIRECTLY_APPLICABLE (IS 15622 for ceramic tiles product; IS 1443 for tile fixing/laying practice),"The tender requires replacement of toilet wall and floor tiles. IS 15622 is the mandatory Indian Standard governing all pressed ceramic, glazed, and vitrified tiles for wall and floor applications. IS 1443 governs bedding and jointing practice.",High,BIS Catalogue / Ministry of Commerce & Industry (Ceramic Tiles QCO 2020),IS 15622:2017 Scope Clause 1; Gazette Notification S.O. 4467(E),Mandatory ISI Mark certification under Ceramic Tiles Quality Control Order 2020. Superseded earlier standards IS 13753 and IS 13755.
T001,T001-R004,upgradation of all sanitary fittings at AGL Department in Main School Building at IIT ISM Dhanbad,product_equipment,1,,IS 2556 (Part 1 to 17); IS 781 : 1984; IS 774 : 2021,Vitreous sanitary appliances (vitreous china) - Specification; Cast copper alloy screw-down bib taps and stop valves; Flushing cisterns for water closets and urinals,Active,"A. DIRECTLY_APPLICABLE (Multi-standard assembly covering porcelain fixtures, water taps, and flushing cisterns)","Renovation of 5 institutional toilets involves three distinct sub-assemblies: porcelain appliances such as water closets and basins (IS 2556), water supply bib/stop valves (IS 781), and cisterns (IS 774). All three co-apply.",High,BIS Catalogue / CED 3 (Sanitary Installations) / CPWD Specifications Vol 2 Sec 17,IS 2556:Part 1:1994 Clause 1; IS 781:1984 Clause 1; IS 774:2021 Clause 1,Tender aggregates sanitaryware under a single title. Evaluation should accept any or all of these 3 standards as valid ground truth matches.
T002,T002-R002,Valve Replacement,material,1,,IS 778 : 1984 [Potential]; IS 14846 : 2000 [Potential]; IS/ISO 10434 : 2020 [Potential],"Copper alloy gate, globe and check valves; Sluice valves for water works; Bolted bonnet steel gate valves for petroleum/petrochemical/allied industries",Active,E. INSUFFICIENT_INFORMATION (Requires detailed piping schedule/fluid media from underlying BOQ),"The tender notice summary states generic mechanical valve replacement in Heavy Water Plant Baroda. In a nuclear chemical facility, cooling water valves follow IS 778/IS 14846, whereas chemical/steam process lines require steel gate/globe valves. Assigning a definitive standard without the line specification is ungrounded.",Low,Heavy Water Board Tender Notice HWBFV/21/2026-27/TS-733,Notice summary Work Description line 1,"QUEUED FOR MANUAL/EXPERT REVIEW. Must inspect detailed BOQ file BOQ_971906 or NIT schedule to verify operating fluid, pressure class, and nominal bore."
T002,T002-R003,Flange Joint Maintenance,installation_execution,1,,IS 6392 : 1971; IS 2712 : 2020,Steel Pipe Flanges; Compressed Asbestos/Non-Asbestos Fiber Jointing Sheets - Specification,Active,A. DIRECTLY_APPLICABLE (IS 6392 for steel pipe flanges dimensions; IS 2712 for gasket replacement jointing sheets),"Mechanical maintenance of process pipe flange joints requires compliance with IS 6392 for flange dimensions, bolt hole alignments and facing finishes, and IS 2712 for joint gasket replacement materials.",High,BIS Catalogue / MED 17 (Piping and Flanges),IS 6392:1971 Scope Clause 1; IS 2712:2020 Scope Clause 1,Flanges in Indian industrial process plants align with IS 6392 and ASME B16.5 rating classes.
T003,T003-R001,Replacement / repair of distribution boards and defective lights at various locations in main sports stadium,material,1,,IS/IEC 61439-3 : 2012; IS 10322 (Part 5 / Sec 5) : 2013,Low-voltage switchgear and controlgear assemblies - Part 3: Distribution boards intended to be operated by ordinary persons (DBO); Luminaires - Particular Requirements - Section 5 Floodlights,Active,A. DIRECTLY_APPLICABLE (Dual-scope requirement: DBs follow IS/IEC 61439-3; sports floodlights follow IS 10322 Part 5 Sec 5),"The tender specifies both distribution boards and stadium lighting. Distribution boards in public/institutional buildings must conform to IS/IEC 61439-3, while stadium lighting luminaires and floodlights conform to IS 10322 (Part 5/Sec 5).",High,BIS Catalogue / ETD 7 (Switchgear) & ETD 24 (Illumination),IS/IEC 61439-3 Clause 1; IS 10322 (Part 5/Sec 5) Clause 1,Superseded standard IS 8623 (Part 3):1993 was evaluated and rejected in favor of the current harmonized standard IS/IEC 61439-3.
T004,T004-R002,power cables from outside of electrical room to AMF room,material,1,,IS 7098 (Part 1) : 1988; IS 1255 : 1983,Crosslinked polyethylene insulated thermoplastic sheathed cables - Part 1: For working voltage up to and including 1100 V; Code of practice for installation and maintenance of power cables up to and including 33 kV rating,Active,A. DIRECTLY_APPLICABLE (IS 7098 Part 1 for armored cable product; IS 1255 for laying/termination code of practice),"Connecting substation electrical rooms to Auto Mains Failure (AMF) generator panels requires armored low-voltage power cables (IS 7098 Part 1). The physical routing, trenching, clamping, and cable termination practice is governed by IS 1255.",High,BIS Catalogue / ETD 9 (Power Cables) / Mandatory Cables QCO,IS 7098 (Part 1) Clause 1; IS 1255 Section 6 (Installation),Armored XLPE is mandatory under CPWD electrical specifications for external feeder runs. IS 1554 (Part 1) is a recognized secondary alternative for PVC heavy-duty cables.
T004,T004-R005,"Dismantling,Shifting and reinstallation of feeder pillar, power",product_equipment,1,,IS 5039 : 1983; IS/IEC 61439-5 : 2014,Distribution pillars for voltages not exceeding 1000 V AC and 1200 V DC - Specification; Low-voltage switchgear and controlgear assemblies - Part 5: Assemblies for power distribution in public networks,Active,A. DIRECTLY_APPLICABLE (IS 5039 dedicated specification for feeder pillars; IS/IEC 61439-5 for public network distribution assemblies),"The tender specifically mandates shifting and reinstalling an electrical feeder pillar. IS 5039 is the dedicated Indian Standard specifying housing construction, busbar ratings, short-circuit withstand, and weather-proof ingress protection for feeder pillars.",High,BIS Catalogue / ETD 7 (Low Voltage Switchgear),IS 5039:1983 Scope Clause 1; IS/IEC 61439-5 Clause 1,Outdoor feeder pillars require minimum IP 55 ingress protection under IS/IEC 60529.
T005,T005-R001,"Cable connection of DG Set in Newly constructed building of the Dept. of Molecular , Human Genetics",material,1,,IS 3043 : 2018; IS 7098 (Part 1) : 1988; IS 1293 : 2019,Code of practice for earthing (Second Revision); Crosslinked polyethylene insulated cables up to 1100 V; Plugs and socket-outlets of rated voltage up to 250 V,Active,A. DIRECTLY_APPLICABLE (IS 3043 for statutory DG earthing; IS 7098 Part 1 for power cables; IS 1293 for laboratory power sockets),"Connecting a Diesel Generator requires dedicated neutral grounding and frame earthing mandated by IS 3043 (Clause 28) and Central Electricity Authority regulations. Power interconnects require armored XLPE cables (IS 7098 Part 1), and laboratory power sockets replaced in the scope must conform to IS 1293.",High,"BIS Catalogue / ETD 20 (Earthing), ETD 9 (Cables), ETD 14 (Plugs/Sockets)",IS 3043:2018 Clause 28; CEA Regulations 2010 Regulation 41; IS 1293:2019 Clause 1,Mandatory ISI certification for power sockets under Plugs and Sockets QCO.
T006,T006-R001,UPVC Partition Wall Work for Conversion of Seafood Authentication Laboratory into Conventional Microbiology Laboratory,material,1,,IS 16088 : 2016,Unplasticized Polyvinyl Chloride (uPVC) Profiles for the Fabrication of Windows and Doors - Specification,Active,A. DIRECTLY_APPLICABLE (National specification governing structural multi-chamber hollow UPVC profile sections),"Fabrication of cleanroom/laboratory partition walls using UPVC requires extrusion profiles meeting mechanical strength, impact resistance, and wall thickness specified in IS 16088. UPVC provides chemical and moisture resistance necessary for seafood microbiology labs.",High,BIS Catalogue / CED 29 (Plastic Building Components),IS 16088:2016 Clause 1 Scope,Wood-based particle boards under IS 12823 were evaluated and rejected due to moisture and sterility incompatibility with seafood microbiology facilities.
T007,T007-R003,Low-Oil Food Outlet on BOT,general_specification,1,,IS 2491 : 2013; IS 15000 : 2013,Food Hygiene - General Principles - Code of Practice (Second Revision); Food safety management systems - Requirements for any organization in the food chain,Active,B. POTENTIALLY_RELATED (National food hygiene code of practice and FSMS/HACCP applicable to commercial food outlets),"Commercial food preparation and catering on university premises requires adherence to sanitary hygiene, kitchen layout, and food handling practices codified in IS 2491 (aligned with Codex Alimentarius) and food safety systems under IS 15000.",Medium,BIS Catalogue / FAD 15 (Food Hygiene & Safety Management),IS 2491:2013 Clause 1 Scope; Food Safety and Standards Act 2006 Schedule 4,"QUEUED FOR MANUAL/POLICY REVIEW. Because this is a concession service contract (BOT), primary legal compliance is enforced by FSSAI licensing regulations; BIS standards serve as voluntary benchmark codes of practice."
T009,T009-R001,Annual Repairs and Maintenance Contract for electrical and mechanical services alongwith requisite materials at FSD,installation_execution,1,,SP 30 : 2023; IS 732 : 2019,National Electrical Code Of India 2023; Code of practice for electrical wiring installations (Fourth Revision),Active,A. DIRECTLY_APPLICABLE (SP 30 master code for storage depot electrical installations; IS 732 for periodic wiring inspection and testing),"Food Corporation of India food storage depots (grain godowns) carry combustible dust fire hazards. Routine repair and maintenance of electrical circuits, lighting, and motors must conform to the National Electrical Code of India (SP 30, Part 3) and periodic inspection standards (IS 732).",High,data/standards/standards.xlsx / ETD 20 (Electrical Installation),SP 30:2023 Section 3 (Storage Facilities); IS 732:2019 Clause 6,SP 30:2023 is actively documented in our standards repository.
T010,T010-R001,Sewerage Pipeline works from Collection Chamber to STP 9/4/26,material,1,,IS 458 : 2021; IS 783 : 1985; IS 14333 : 1996,Precast Concrete Pipes (with and without Reinforcement) - Specification; Code of Practice for Laying of Concrete Pipes; High density polyethylene pipes for sewerage,Active,A. DIRECTLY_APPLICABLE (IS 458 & IS 783 for reinforced concrete sewer pipelines; IS 14333 for HDPE sewer pipelines),"Conveying raw sewage from a collection chamber to a Sewage Treatment Plant requires non-pressure gravity or pumping sewer mains. IS 458 specifies reinforced precast concrete pipes (NP2/NP3 class), while IS 783 provides the civil laying and hydrostatic testing code. HDPE pipes under IS 14333 represent the recognized plastic alternative.",Medium,data/standards/standards.xlsx / CED 53 (Concrete Pipes) & CED 50,IS 458:2021 Scope Clause 1; IS 783:1985 Scope Clause 1; IS 14333 Clause 1,QUEUED FOR MATERIAL VERIFICATION. Summary title does not state whether line is RCC or HDPE. Both IS 458 and IS 783 are present in our active standards repository.
T011,T011-R001,Providing and laying underground cable for STP for main supply of electricity under CEDCO BSF Bangalore,material,1,,IS 7098 (Part 1) : 1988; IS 1255 : 1983,Crosslinked polyethylene insulated thermoplastic sheathed cables - Part 1: For working voltage up to and including 1100 V; Code of practice for installation and maintenance of power cables up to and including 33 kV rating,Active,"A. DIRECTLY_APPLICABLE (IS 7098 Part 1 for armored cable product; IS 1255 for underground trenching, sand bedding, warning tiles and laying)","The tender explicitly demands providing and laying underground cable for STP main supply. Armored XLPE cable conforming to IS 7098 (Part 1) is mandatory for direct underground burial to withstand soil moisture and mechanical stress. Trench depth, cable protection covers, and jointing follow IS 1255.",High,BIS Catalogue / ETD 9 (Power Cables) / Cables QCO,IS 7098 (Part 1) Clause 1; IS 1255 Section 6 (Underground Laying),Mandatory ISI Mark certification under Government of India Cables Quality Control Order.
T012,T012-R002,Plaster Repairing,installation_execution,1,,IS 1661 : 1972; IS 269 : 2015,Code of practice for application of cement and cement-lime plaster finishes; Ordinary Portland Cement - Specification,Active,A. DIRECTLY_APPLICABLE (IS 1661 for application and execution of plaster finishes; IS 269 for cement binder material),"Civil repair of damaged wall plaster in a storm water pump room requires cutting out cracked areas, preparing the masonry background, mixing mortar in specified ratios, and curing in accordance with IS 1661. The cement must conform to IS 269.",High,BIS Catalogue / data/standards/standards.xlsx / CED 4 & CED 2,IS 1661:1972 Scope Clause 1; IS 269:2015 Clause 1; CPWD Civil Specs Section 11,IS 269 is present in our active standards repository. CPWD civil specifications mandate strict adherence to IS 1661.
T012,T012-R003,Plumbing Fittings,product_equipment,1,,IS 1239 (Part 2) : 1992; IS 778 : 1984,"Mild Steel Tubulars and Other Wrought Steel Pipe Fittings - Part 2: Mild Steel Tubulars; Copper alloy gate, globe and check valves for water works purposes",Active,A. DIRECTLY_APPLICABLE (IS 1239 Part 2 for wrought steel fittings; IS 778 for brass/bronze plumbing valves),"Plumbing fittings in a storm water pump house connect suction and delivery piping to drainage sump pumps. Threaded pipe fittings (elbows, tees, unions, reducers) are governed by IS 1239 (Part 2), while isolation and non-return check valves are governed by IS 778.",High,BIS Catalogue / data/standards/standards.xlsx / CED 54 & CED 3,IS 1239 (Part 2) Clause 1 Scope; IS 778:1984 Clause 1,Summarized in the general water supply handbook SP 57 in our active repository.
T013,T013-R002,SITC of VFD water pump panel,product_equipment,1,,IS/IEC 61800-2 : 2015; IS/IEC 61439-2 : 2011,Adjustable speed electrical power drive systems - Part 2: General requirements - Rating specifications for low voltage adjustable frequency a.c. power drive systems; Low-voltage switchgear and controlgear assemblies - Part 2: Power switchgear and controlgear assemblies,Active,A. DIRECTLY_APPLICABLE (IS/IEC 61800-2 for variable frequency drive controller; IS/IEC 61439-2 for motor control center switchgear panel),"Supply, Installation, Testing, and Commissioning (SITC) of a Variable Frequency Drive pump control panel requires adherence to drive power electronics standards (IS/IEC 61800-2 for voltage ratings, overload capacity, harmonic limits) and low-voltage switchgear panel assembly standards (IS/IEC 61439-2 for busbars, short-circuit withstand, and thermal dissipation).",High,BIS Catalogue / ETD 22 (Power Electronics) & ETD 7 (Switchgear Assemblies),IS/IEC 61800-2 Clause 1 Scope; IS/IEC 61439-2 Clause 1 Scope,Hospital water distribution systems use VFD pump panels for automated constant pressure control.
T013,T013-R003,Insulation work,material,1,,IS 14164 : 2008; IS 8183 : 1993,Industrial application and finishing of thermal insulation materials at temperatures above -80 C and up to 700 C - Code of practice; Bonded mineral wool - Specification,Active,A. DIRECTLY_APPLICABLE (IS 14164 for thermal insulation execution and vapor barrier cladding; IS 8183 for preformed mineral wool insulation material),"Thermal insulation of hospital pumping equipment and chilled/hot water pipes prevents condensation, fungal growth, and thermal dissipation. IS 14164 is the primary national code of practice governing application, securing, vapor sealing, and cladding of pipe thermal insulation. IS 8183 specifies bonded mineral wool sections.",High,BIS Catalogue / MED 12 (Thermal Insulation Materials),IS 14164:2008 Clause 1 Scope; IS 8183:1993 Clause 1 Scope,Aluminum sheet cladding conforming to IS 737 is standard over mineral wool or closed-cell elastomeric foam in hospital mechanical plant rooms.
T014,T014-R002,commissioning of three numbers of Process Water Pump motors 3.3 kV,product_equipment,1,,IS/IEC 60034-1 : 2017; IS 5120 : 1977,Rotating electrical machines - Part 1: Rating and performance; Technical requirements for rotodynamic special purpose pumps,Active,A. DIRECTLY_APPLICABLE (IS/IEC 60034-1 for 3.3 kV medium-voltage induction motors; IS 5120 for rotodynamic process pumps),"Bhabha Atomic Research Centre (BARC) specifies 3.3 kV Process Water Pump motors for nuclear research facilities at Trombay. Medium-voltage heavy industrial electric motors are governed by IS/IEC 60034-1 (specifying rating, insulation temperature rise Class F, and duty cycle). Centrifugal process pump casings and hydraulics follow IS 5120.",High,BIS Catalogue / ETD 15 (Rotating Electrical Machines) & MED 20 (Pumps),IS/IEC 60034-1 Clause 1 Scope; IS 5120 Clause 1 Scope,Agricultural pump standard IS 9694 was evaluated and rejected because BARC specifies medium-voltage (3.3 kV) heavy industrial nuclear process cooling equipment.
T020,T020-R001,Repair/ maint of CPVC pipe in lieu of rusted GI pipe at Laitumkhrah Grn,material,1,,IS 15778 : 2007; IS 1239 (Part 1) : 2004,"Chlorinated Polyvinyl Chloride (CPVC) Pipes for Potable Hot and Cold Water Supplies - Specification; Steel Tubes, Tubulars and Other Wrought Steel Fittings - Part 1: Steel Tubes",Active,A. DIRECTLY_APPLICABLE (Dual-material specification: IS 15778 for newly installed CPVC pipes; IS 1239 Part 1 for replaced GI pipe interface),"The tender explicitly calls for replacing rusted Galvanized Iron (GI) water lines with Chlorinated Polyvinyl Chloride (CPVC) piping. IS 15778 is the mandatory national standard specifying dimensions, hydrostatic burst pressure, and water potability for CPVC plumbing. IS 1239 (Part 1) governs the legacy steel tubing being dismantled/replaced.",High,BIS Catalogue / CED 50 (Plastic Piping) / CPVC Pipes QCO 2023,IS 15778:2007 Scope Clause 1; Order S.O. 982(E),Mandatory ISI Mark certification under Government of India CPVC Pipes Quality Control Order 2023. UPVC standard IS 4985 was evaluated and rejected because CPVC was explicitly specified.
