requirement_id,requirement_text,candidate_standard,standard_title,standard_status,applicability_reason,evidence,evidence_source,confidence,alternative_standards,verification_needed
T001-R002,replacement of damaged pipelines by Hubless,IS 15905 : 2011,Cast Iron Hubless Pipes and Fittings for Waste Water and Ventilation Systems - Specification,Active,"The tender explicitly specifies Hubless pipeline replacement for toilet drainage. IS 15905 is the sole national Indian Standard specifying dimensions, coatings, and elastomeric mechanical coupling joints for hubless cast iron soil/waste pipes.",Clause 1 Scope of IS 15905:2011 specifies requirements for hubless (spigotless) cast iron pipes and fittings intended for gravity wastewater and ventilation piping in buildings.,BIS Catalogue / CED 53 (Pipes & Fittings); CPWD Civil Specifications 2019 Vol 2 Chapter 17 (Clause 17.2).,High,IS 1239 (Part 1) : 2004 (Steel tubes/GI water supply pipes in same toilet block); IS 1729 : 2002 (Socketed CI pipes - rejected because hubless design is explicitly specified).,None for standard applicability. Mechanical coupling manufacturer brand (stainless steel shield coupling) may be verified from BOQ.
T001-R003,wall tiles,IS 15622 : 2017,Pressed Ceramic Tiles - Specification (First Revision),Active,Tender requires replacement of toilet wall tiles. IS 15622 is the umbrella Indian Standard governing technical properties for all pressed ceramic glazed wall tiles and vitrified tiles.,"Clause 1 Scope of IS 15622:2017 covers ceramic tiles for floor and wall finishes (water absorption groups B Ia, B Ib, B IIa, B IIb, B III); Ceramic Tiles (Quality Control) Order 2020 mandates ISI Mark.",BIS Catalogue / CED 5 (Flooring & Wall Finishing); DPIIT QCO Notification S.O. 4467(E).,High,IS 1443 : 1972 (Code of practice for laying/finishing flooring and wall tiles); IS 13753 / IS 13755 (Withdrawn/superseded).,None. Mandatory ISI Mark under Central QCO.
T001-R004,upgradation of all sanitary fittings at AGL Department in Main School Building at IIT ISM Dhanbad,IS 2556 (Part 1 to 17),Vitreous Sanitary Appliances (Vitreous China) - Specification (Parts 1 to 17),Active,"Upgradation of institutional toilet sanitary fittings centres on porcelain fixtures (water closets, wash basins, urinals) governed by IS 2556 parts.","IS 2556 Part 1 (General Requirements), Part 2 (Water Closets), Part 4 (Wash Basins); CPWD Specifications Vol 2 Section 17.",BIS Catalogue / CED 3 (Sanitary Installations); CPWD General Specifications.,High,IS 781 : 1984 (Cast copper alloy screw-down bib taps and stop valves); IS 774 : 2021 (Flushing cisterns for water closets and urinals).,Verify specific fixture types (European water closets vs Orissa pans) from tender detailed BOQ.
T002-R002,Valve Replacement,UNCERTAIN,Potential Candidates: Copper alloy gate/globe valves (IS 778) / Sluice valves for water works (IS 14846) / Bolted bonnet steel gate valves (IS/ISO 10434),Active,"Tender summary states generic Valve Replacement in Heavy Water Board mechanical maintenance without line fluid (cooling water vs process chemical vs steam), pressure class, or nominal size. Assigning one standard without BOQ schedule is speculative.","Heavy Water Board Tender Notice HWBFV/21/2026-27/TS-733, Page 1 Work Description line 1.",Heavy Water Board Tender Notice; BIS MED 17 & CED 3 catalogues.,Low,IS 778 : 1984 (Bronze valves for utility lines); IS 14846 : 2000 (Sluice valves for water works); IS/ISO 10434 : 2020 (Steel gate valves for process lines); IS 13095 : 2020 (Butterfly valves).,"MANUAL BIS / EXPERT VERIFICATION REQUIRED. Must inspect BOQ_971906.xls or tender technical schedule to confirm fluid media, pressure rating, and size."
T002-R003,Flange Joint Maintenance,IS 6392 : 1971,Steel Pipe Flanges,Active,"Mechanical maintenance of industrial pipe flange joints requires compliance with IS 6392 for flange facings, bolt circle diameters, and pressure-temperature ratings.","Clause 1 Scope of IS 6392:1971 specifies dimensional, machining, and material requirements for steel pipe flanges.",BIS Catalogue / MED 17 (Piping & Gaskets).,High,IS 2712 : 2020 (Compressed asbestos/non-asbestos jointing sheets for sealing gaskets); IS 7719 : 2021 (Metallic spiral wound gaskets).,Confirm flange rating class (PN 16 vs Class 150/300) from plant piping drawings.
T003-R001,Replacement / repair of distribution boards and defective lights at various locations in main sports stadium,IS/IEC 61439-3 : 2012,Low-voltage switchgear and controlgear assemblies - Part 3: Distribution boards intended to be operated by ordinary persons (DBO),Active,Replacing distribution boards in public sports stadium facilities requires type-tested low-voltage distribution boards conforming to IS/IEC 61439-3 (superseded older IS 8623 Part 3).,Clause 1 Scope of IS/IEC 61439-3:2012 covers enclosed DBOs for AC systems up to 250V/415V operated by non-technical persons in public buildings.,BIS Catalogue / ETD 7 (Low Voltage Switchgear); CPWD Electrical Specifications 2023.,High,"IS 10322 (Part 5 / Sec 5) : 2013 (Luminaires - Floodlights, governing the sports stadium lights); IS 16102 (LED lamps); IS 8623 Part 3 (Superseded).",Verify luminaire wattage and ingress protection (IP 65/66) from electrical BOQ.
T004-R002,power cables from outside of electrical room to AMF room,IS 7098 (Part 1) : 1988,Crosslinked Polyethylene Insulated Thermoplastic Sheathed Cables - Part 1: For Working Voltage Up to and Including 1100 V,Active,Connecting electrical substation switchrooms to Auto Mains Failure (AMF) generator changeover rooms requires heavy-duty LT armoured XLPE power cables under IS 7098 Part 1.,Clause 1 Scope of IS 7098 (Part 1):1988; Electrical Cables (Quality Control) Order 2023 mandating ISI marking for power cables.,BIS Catalogue / ETD 9 (Power Cables); Ministry of Commerce QCO.,High,IS 1255 : 1983 (Code of practice for installation/laying of power cables); IS 1554 (Part 1) : 1988 (PVC insulated cables); IS 694 (Domestic wire - rejected).,Confirm conductor material (aluminium vs copper) and core cross-section from BOQ.
T004-R005,"Dismantling,Shifting and reinstallation of feeder pillar, power",IS 5039 : 1983,Distribution Pillars for Voltages Not Exceeding 1000 V AC and 1200 V DC - Specification,Active,Tender explicitly mandates shifting and reinstalling an electrical feeder pillar. IS 5039 is the dedicated Indian Standard governing outdoor distribution pillars and busbar assemblies.,Scope Clause 1 of IS 5039:1983 covers outdoor feeder pillars used in public utility and institutional electrical networks.,BIS Catalogue / ETD 7 (Low Voltage Switchgear).,High,IS/IEC 61439-5 : 2014 (Assemblies for power distribution in public networks); IS/IEC 60529 (IP 55 enclosure protection).,Verify plinth mounting and busbar rating during site execution.
T005-R001,"Cable connection of DG Set in Newly constructed building of the Dept. of Molecular , Human Genetics",IS 3043 : 2018,Code of Practice for Earthing (Second Revision),Active,Connecting a standby DG set legally requires statutory neutral and frame earthing installations under CEA Safety Regulations and IS 3043 (Clause 28: Earthing of Generating Plants).,Clause 28 of IS 3043:2018 prescribes dedicated neutral grounding and frame earthing requirements for generator installations.,BIS Catalogue / ETD 20 (Electrical Installations); Central Electricity Authority Safety Regulations.,High,IS 7098 (Part 1) : 1988 (Heavy power cables from alternator to panel); IS 1293 : 2019 (Plugs and socket-outlets).,Confirm whether chemical earthing with bentonite compound or copper plate earthing is specified.
T006-R001,UPVC Partition Wall Work for Conversion of Seafood Authentication Laboratory into Conventional Microbiology Laboratory,IS 16088 : 2016,Unplasticized Polyvinyl Chloride (uPVC) Profiles for the Fabrication of Windows and Doors - Specification,Active,Architectural UPVC partition walls in laboratories are fabricated using extruded hollow multi-chamber UPVC profiles conforming to IS 16088.,"Clause 1 Scope of IS 16088:2016 covers raw material formulation, dimensional tolerances, impact resistance, and wall thickness for UPVC profile assemblies.",BIS Catalogue / CED 29 (Plastic Building Products).,High,IS 2835 : 1987 (Flat transparent sheet glass for vision panels in partitions); IS 15386 (Ceilings).,"Confirm panel infill material (pre-laminated sheet, toughened glass, or UPVC sandwich panel) from BOQ."
T007-R003,Low-Oil Food Outlet on BOT,IS 2491 : 2013,Food Hygiene - General Principles - Code of Practice (Second Revision),Active,"Operating a food outlet on a university campus requires strict adherence to national food hygiene principles (premises layout, sanitation, food handling, pest management).","Clause 1 Scope of IS 2491:2013 sets down general hygiene rules for premises design, food preparation, cleaning, and personal hygiene in catering establishments.",BIS Catalogue / FAD 15 (Food Hygiene & Safety Management).,Medium,IS 15000 : 2013 (HACCP Food Safety Systems); FSSAI Schedule 4 (Statutory Sanitary & Hygiene Requirements).,MANUAL BIS / EXPERT VERIFICATION REQUIRED. Reviewer must decide whether evaluation scores against BIS hygiene code (IS 2491) or FSSAI regulatory compliance.
T009-R001,Annual Repairs and Maintenance Contract for electrical and mechanical services alongwith requisite materials at FSD,SP 30 : 2023,National Electrical Code of India 2023 (NEC 2023),Active,Comprehensive electrical and mechanical maintenance of grain storage depots (FSD) must follow the National Electrical Code of India (SP 30 Section 3: Storage and Warehousing Facilities).,"SP 30:2023 Part 1 & Part 3 provide comprehensive guidelines for testing, preventive maintenance, inspection, and safety verification of electrical equipment in storage facilities.",data/standards/standards.xlsx / ETD 20 (Electrical Installations).,High,IS 732 : 2019 (Code of practice for electrical wiring installations - inspection and testing); IS 2524 (Painting maintenance).,Confirm whether grain dust hazardous area classification (IS/IEC 60079 series) applies to mechanical conveyors.
T010-R001,Sewerage Pipeline works from Collection Chamber to STP 9/4/26,IS 458 : 2021,Precast Concrete Pipes (with and without Reinforcement) - Specification (Fifth Revision),Active,External gravity sewer networks connecting collection chambers to STPs in institutional campuses conventionally use precast reinforced concrete pipes (Class NP2/NP3 under IS 458).,Scope Clause 1 of IS 458:2021 covers precast concrete pipes for drainage and sewerage; Precast Concrete Pipes QCO mandates ISI marking.,data/standards/standards.xlsx / CED 53 (Pipes and Fittings); CPWD Civil Specifications Chapter 19.,Medium,IS 783 : 1985 (Code of practice for laying concrete pipes); IS 14333 : 1996 (HDPE pipes for sewerage).,MANUAL BIS / EXPERT VERIFICATION REQUIRED. Notice summary does not state pipe material in title. Human reviewer must verify tender schedule to confirm RCC (IS 458) vs HDPE (IS 14333).
T011-R001,Providing and laying underground cable for STP for main supply of electricity under CEDCO BSF Bangalore,IS 7098 (Part 1) : 1988,Crosslinked Polyethylene Insulated Thermoplastic Sheathed Cables - Part 1: For Working Voltage Up to and Including 1100 V,Active,The requirement specifies providing (cable manufacturing product) and laying underground power cable for STP. Armoured XLPE LT power cable conforms to IS 7098 Part 1.,"Clause 1 Scope of IS 7098 (Part 1) for armoured LT power cables; IS 1255 Section 6 for underground trenching, sand cushioning, and warning tiles.",BIS Catalogue / ETD 9 (Power Cables); Ministry of Commerce Cables QCO.,High,IS 1255 : 1983 (Code of practice for installation and maintenance of power cables); IS 1554 (Part 1) : 1988 (PVC cables).,Confirm cable cross-section (e.g. 3.5C x 70 sq mm) and aluminium/copper conductor from BOQ.
T012-R002,Plaster Repairing,IS 1661 : 1972,Code of Practice for Application of Cement and Cement-Lime Plaster Finishes,Active,"IS 1661 is the definitive national standard governing execution, surface preparation, mortar mix proportions (1:3, 1:4), application thickness, and curing of cement plastering repairs.",Clause 1 Scope of IS 1661:1972 covers application of internal and external plaster finishes on masonry and concrete backings.,BIS Catalogue / CED 4 (Building Construction Practices); CPWD Civil Specifications Section 11.,High,IS 269 : 2015 (Ordinary Portland Cement material standard in standards.xlsx); IS 1542 : 1992 (Sand for plaster).,Confirm mortar ratio (1:4 or 1:6) and thickness (12 mm or 15 mm) from bill of quantities.
T012-R003,Plumbing Fittings,IS 1239 (Part 2) : 1992,"Mild Steel Tubes, Tubulars and Other Wrought Steel Fittings - Part 2: Mild Steel Tubulars and Other Wrought Steel Pipe Fittings",Active,Plumbing pipework in municipal pump houses utilizes threaded galvanized malleable iron or wrought steel fittings governed by IS 1239 (Part 2).,"Clause 1 Scope of IS 1239 (Part 2):1992 specifies threaded malleable iron and steel elbows, tees, crosses, bends, nipples, and unions.",BIS Catalogue / CED 54 (Steel Tubes); data/standards/standards.xlsx (SP 57 QAWSM Handbook on Pipes & Fittings).,High,IS 778 : 1984 (Copper alloy gate/globe/check valves for plumbing); IS 1879 : 2010 (Malleable cast iron pipe fittings).,Confirm nominal diameter and material (galvanized steel vs brass) from schedule.
T013-R002,SITC of VFD water pump panel,IS/IEC 61800-2 : 2015,Adjustable Speed Electrical Power Drive Systems - Part 2: General Requirements - Rating Specifications for Low Voltage Adjustable Speed AC Power Drive Systems,Active,"Core functional technology being procured is the Variable Frequency Drive (VFD) system. IS/IEC 61800-2 specifies ratings, harmonic distortion limits, and operating conditions for low-voltage AC drives.","Clause 1 Scope of IS/IEC 61800-2 covers converters, inverters, and drive control electronics for low-voltage motors.",BIS Catalogue / ETD 22 (Power Electronics); CPWD Electrical Specifications 2023.,High,IS/IEC 61439-2 : 2011 (Low-voltage power switchgear panel enclosure assemblies); IS/IEC 60947-4-1 : 2018 (Motor starters).,Confirm total motor kW rating and THD filtering requirements from tender technical schedule.
T013-R003,Insulation work,IS 14164 : 2008,Industrial Application and Finishing of Thermal Insulation Materials at Temperatures Above -40 deg C and Up to 700 deg C - Code of Practice (First Revision),Active,"IS 14164 is the primary national code of practice governing mechanical fixing, strapping, vapor barrier sealing, and protective cladding of thermal insulation on pipes, pumps, and vessels.",Scope Clause 1 of IS 14164:2008 specifies methods for securing insulation and applying finishes to industrial and building equipment.,BIS Catalogue / MED 12 (Thermal Insulation); CPWD HVAC & Plumbing Specifications.,High,IS 8183 : 1993 (Bonded mineral wool for thermal insulation); IS 12436 : 1988 (Preformed rigid polyurethane insulation); IS 737 (Aluminium cladding).,Confirm insulation material type (bonded mineral wool vs elastomeric nitrile rubber) from tender BOQ.
T014-R002,commissioning of three numbers of Process Water Pump motors 3.3 kV,IS/IEC 60034-1 : 2017,Rotating Electrical Machines - Part 1: Rating and Performance,Active,"Commissioning 3.3 kV medium-voltage industrial rotating electric motors. IS/IEC 60034-1 is the authoritative standard governing rating, temperature rise limits, dielectric tests, and performance of medium-voltage rotating machines.",Clause 1 Scope of IS/IEC 60034-1:2017 covers all rotating electrical machines without voltage limit; Clause 8 specifies insulation withstand and high voltage testing.,BIS Catalogue / ETD 15 (Rotating Machinery); Central Electricity Authority Technical Standards.,High,IS 5120 : 1977 (Technical requirements for rotodynamic special purpose pumps); IS 9694 (Agricultural pumps - rejected as false positive).,Confirm motor power rating (kW) and hazardous area classification if located in classified chemical process zones.
T020-R001,Repair/ maint of CPVC pipe in lieu of rusted GI pipe at Laitumkhrah Grn,IS 15778 : 2007,Chlorinated Polyvinyl Chloride (CPVC) Pipes for Potable Hot and Cold Water Supplies - Specification,Active,"SPECIAL RULE EVALUATION: IS 15778 applies directly to the replacement CPVC pipe because it specifies dimensions (SDR 11/13.5), hydrostatic burst pressure, and water potability for CPVC plumbing under mandatory Central QCO. IS 1239 (Part 1) does NOT apply to the replacement pipe because it governs mild steel tubes with completely different material properties; IS 1239 only provides secondary interface context for the existing rusted GI piping being replaced.",Clause 1 Scope of IS 15778:2007 covers CPVC pipes for domestic hot and cold water distribution; Order S.O. 982(E) mandates ISI Mark certification for CPVC pipes.,BIS Catalogue / CED 50 (Plastic Piping); Gazette of India CPVC Pipes QCO 2023; Assam Rifles Tender Notice ENG/III-235/2026-27/75.,High,IS 7634 (Part 3) : 2003 (Laying and jointing of CPVC pipes); IS 1239 (Part 1) : 2004 (Existing GI pipe interface); IS 4985 (UPVC pipes - rejected because CPVC was explicitly mandated).,Confirm SDR class (SDR 11 vs SDR 13.5) and pipe nominal diameter from BOQ_971906.xls.
